id,timestamp,device_id,temperature,humidity,vibration,current,anomaly,anomaly_score,received_at
19,6714,ESP32_MACHINE_01,24.0,40.0,0.0,2.1,0,0.01876737030930531,2026-10-04 09:16:12+00:00
20,12024,ESP32_MACHINE_01,24.0,40.0,0.0,2.1,0,0.01876737030930531,2026-10-04 09:16:18+00:00
1,7174,ESP32_MACHINE_01,24.0,40.0,0.0,2.1,0,0.01876737030930531,
2,6483,ESP32_MACHINE_01,24.0,40.0,0.0,2.1,0,0.01876737030930531,
3,11793,ESP32_MACHINE_01,24.0,40.0,0.0,2.1,0,0.01876737030930531,
4,17104,ESP32_MACHINE_01,24.0,40.0,0.0,2.1,0,0.01876737030930531,
5,22414,ESP32_MACHINE_01,24.0,40.0,0.0,5.5,1,-0.10681460275287025,
6,27724,ESP32_MACHINE_01,24.0,40.0,0.0,5.5,1,-0.10681460275287025,
7,33034,ESP32_MACHINE_01,24.0,40.0,0.0,2.1,0,0.01876737030930531,
8,38344,ESP32_MACHINE_01,24.0,40.0,0.0,2.1,0,0.01876737030930531,
9,43654,ESP32_MACHINE_01,24.0,40.0,0.0,2.1,0,0.01876737030930531,
10,48964,ESP32_MACHINE_01,24.0,40.0,0.0,2.1,0,0.01876737030930531,
11,54274,ESP32_MACHINE_01,24.0,40.0,0.0,5.5,1,-0.10681460275287025,
12,59583,ESP32_MACHINE_01,24.0,40.0,0.0,5.5,1,-0.10681460275287025,
13,64894,ESP32_MACHINE_01,24.0,40.0,0.0,2.1,0,0.01876737030930531,
14,70204,ESP32_MACHINE_01,24.0,40.0,0.0,2.1,0,0.01876737030930531,
15,75514,ESP32_MACHINE_01,24.0,40.0,0.0,2.1,0,0.01876737030930531,
16,80824,ESP32_MACHINE_01,24.0,40.0,0.0,5.5,1,-0.10681460275287025,
17,86134,ESP32_MACHINE_01,24.0,40.0,0.0,5.5,1,-0.10681460275287025,
18,91444,ESP32_MACHINE_01,24.0,40.0,0.0,2.1,0,0.01876737030930531,
